"Kategorie";"Typ";"Name";"Beschreibung";"XML"
"decoder-configuration";"configuration";"ZIMO MX600 - MX660 (ohne Sound)";"ZIMO Nicht-Sound-Decoder MX600-MX638 / Sound-Decoder MX640-MX660 - CV-Uebersichts-Liste (Kapitel 11, Seiten 68-77), CV 1 bis 264; die Sound-CVs ab #265 sind nicht enthalten";"<configuration count=""180"">
  <parameter nr=""1"" value=""3"" type=""Fahrzeugadresse"">
    <description>Die „kurze“. Gilt, wenn CV #29, Bit 5 = 0.</description>
  </parameter>
  <parameter nr=""2"" value=""1"" type=""Anfahrspannung"">
    <description>Interne Fahrstufe für niedrigste externe Fahrstufe.</description>
  </parameter>
  <parameter nr=""3"" value=""2"" type=""Beschleunigungszeit"">
    <description>multipliziert mit 0,9 → Zeit für Beschleunigungsvorgang.</description>
  </parameter>
  <parameter nr=""4"" value=""1"" type=""Verzögerungszeit"">
    <description>multipliziert mit 0,9 → Zeit für Verzögerungsvorgang.</description>
  </parameter>
  <parameter nr=""5"" value=""1"" type=""Maximal-Geschwindigk."">
    <description>Interne Fahrstufe für höchste externe Fahrstufe.</description>
  </parameter>
  <parameter nr=""6"" value=""1"" type=""Mittengeschwindigkeit"">
    <description>Interne Fahrstufe für mittlere externe Fahrstufe.</description>
  </parameter>
  <parameter nr=""7"" type=""SW-Versionsnummer"">
    <description>der aktuell geladenen SW; siehe Subversion CV #65.</description>
  </parameter>
  <parameter nr=""8"" value=""145"" type=""Hersteller-ID, Reset, Set"">
    <description>von der NMRA vergeben; CV #8 = 8 → Hard Reset.</description>
  </parameter>
  <parameter nr=""9"" value=""55"" type=""Motorregelung - Abtast."">
    <description>EMK-Messlücke (Zehnerstelle), Abtastrate (Einerstelle)</description>
  </parameter>
  <parameter nr=""10"" value=""0"" type=""Regelungs-Cutoff"">
    <description>Interne Fahrstufe, wo Ausregelungskraft laut CV #113.</description>
  </parameter>
  <parameter nr=""13"" value=""0"" type=""Analogbetrieb F1 - F8"">
    <description>Auswahl der Analog-Fu F1 (Bit 0), F2 (Bit 1), …</description>
  </parameter>
  <parameter nr=""14"" value=""67"" type=""Analogbetrieb F0, F9 …"">
    <description>Bit 0 = 0: F0 (vorw) im Analogbetrieb ausgeschaltet = 1: …. eingeschaltet Bit 1 = 0: F0 (rückw) im Analogbetrieb ausgeschaltet = 1: …. eingeschaltet ………. F9, F10, F11 Bit 5 = 0: F12 im Analogbetrieb ausgeschaltet = 1: …. eingeschaltet Bit 6 = 0: Analogbetrieb mit Beschleunigungsverhal- ten laut CVs #3 + #4; sinnvoll für Sound = 1: Analogbetrieb ohne Wirkung von CVs #3 + #4, also unmittelbare Reaktion auf Fahrspannung ähnl. klassisch analog.</description>
  </parameter>
  <parameter nr=""17"" value=""192"" type=""Erweiterte Adresse"">
    <description>Die „lange“. Gilt, wenn CV #29, Bit 5 = 1.</description>
  </parameter>
  <parameter nr=""18"" value=""128"" type=""Erweiterte Adresse"">
    <description>Die „lange“. Gilt, wenn CV #29, Bit 5 = 1.</description>
  </parameter>
  <parameter nr=""19"" value=""0"" type=""Verbundadresse"">
    <description>Fahrzeugadresse für Verbundbetrieb 1 - 127, Bit 7 = 1: Fahrtrichtung invertiert</description>
  </parameter>
  <parameter nr=""20"" value=""0"" type=""Erweiterte Verbundadr."">
    <description>Inhalt CV #20 * 100 + Inhalt CV #19 = Erweiterte Verbundadresse</description>
  </parameter>
  <parameter nr=""21"" value=""0"" type=""Verbundbetrieb F1 - F8 Verbundbetrieb F0"">
    <description>Auswahl der Verbund-Fu F1 (Bit 0), F2 (Bit 1), … Auswahl der Verbund-Fu F0 vorw (Bit 0), ruckw (Bit 1). Erkennung zu finden)</description>
  </parameter>
  <parameter nr=""22"" value=""0"" type=""Verbundbetrieb F1 - F8 Verbundbetrieb F0"">
    <description>Auswahl der Verbund-Fu F1 (Bit 0), F2 (Bit 1), … Auswahl der Verbund-Fu F0 vorw (Bit 0), ruckw (Bit 1). Erkennung zu finden)</description>
  </parameter>
  <parameter nr=""23"" value=""0"" type=""Variation Beschleunig."">
    <description>Für temporäre Anpassung zur CV #3 (Beschleunigung)</description>
  </parameter>
  <parameter nr=""24"" value=""0"" type=""Variation Verzögerung"">
    <description>Für temporäre Anpassung zur CV #4 (Verzögerung)</description>
  </parameter>
  <parameter nr=""27"" value=""0"" type=""Stopp d. Asymm. (ABC)"">
    <description>Bit 0 = 1: Stopp, wenn Spannung rechts Bit 1: links</description>
  </parameter>
  <parameter nr=""28"" value=""3"" type=""RailCom Konfiguration"">
    <description>Bit 0 = 1: RailCom Broadcast) Bit 1 = 1: Daten</description>
  </parameter>
  <parameter nr=""29"" value=""14"" type=""DCC Grundeinstellungen"">
    <description>Bit 0 – Richtungsverhalten: 0 = normal, 1 = umgekehrt Bit 1 – Fahrstufensystem: 0 = 14, 1 = 28, 128 Bit 2 – Automatische Umschaltung auf Analogbetrieb Bit 3 – RailCom: 0 = aus, 1 = eingeschaltet Bit 4 – Geschwindigkeitskennlinie: 0 = Dreipunkt- 1 = freie - Bit 5 – Fahrzeugadresse: 0 = CV #1, 1 = CVs #17, #18</description>
  </parameter>
  <parameter nr=""33"" value=""1"" type=""NMRA Function map F0"">
    <description>Function mapping für F0 vorwärts</description>
  </parameter>
  <parameter nr=""34"" value=""2"" type=""NMRA Function map F0"">
    <description>Function mapping für F0 rückwärts</description>
  </parameter>
  <parameter nr=""35"" value=""4"" type=""Function mapp. F1 - F12"">
    <description>Function mapping für F1 - F12</description>
  </parameter>
  <parameter nr=""36"" value=""4"" type=""Function mapp. F1 - F12"">
    <description>Function mapping für F1 - F12</description>
  </parameter>
  <parameter nr=""37"" value=""4"" type=""Function mapp. F1 - F12"">
    <description>Function mapping für F1 - F12</description>
  </parameter>
  <parameter nr=""38"" value=""4"" type=""Function mapp. F1 - F12"">
    <description>Function mapping für F1 - F12</description>
  </parameter>
  <parameter nr=""39"" value=""4"" type=""Function mapp. F1 - F12"">
    <description>Function mapping für F1 - F12</description>
  </parameter>
  <parameter nr=""40"" value=""4"" type=""Function mapp. F1 - F12"">
    <description>Function mapping für F1 - F12</description>
  </parameter>
  <parameter nr=""41"" value=""4"" type=""Function mapp. F1 - F12"">
    <description>Function mapping für F1 - F12</description>
  </parameter>
  <parameter nr=""42"" value=""4"" type=""Function mapp. F1 - F12"">
    <description>Function mapping für F1 - F12</description>
  </parameter>
  <parameter nr=""43"" value=""4"" type=""Function mapp. F1 - F12"">
    <description>Function mapping für F1 - F12</description>
  </parameter>
  <parameter nr=""44"" value=""4"" type=""Function mapp. F1 - F12"">
    <description>Function mapping für F1 - F12</description>
  </parameter>
  <parameter nr=""45"" value=""4"" type=""Function mapp. F1 - F12"">
    <description>Function mapping für F1 - F12</description>
  </parameter>
  <parameter nr=""46"" value=""4"" type=""Function mapp. F1 - F12"">
    <description>Function mapping für F1 - F12</description>
  </parameter>
  <parameter nr=""49"" value=""0"" type=""HLU Beschleunigung"">
    <description>multipliziert mit 0,4 → Zeit für signalab. Beschleunigung</description>
  </parameter>
  <parameter nr=""50"" value=""0"" type=""HLU Bremszeit"">
    <description>multipliziert mit 0,4 → Zeit für signalab. Bremsen</description>
  </parameter>
  <parameter nr=""51"" value=""0"" type=""HLU Limits"">
    <description>Fahrstufe für jede der 5 HLU-Geschwindigkeits-Limits</description>
  </parameter>
  <parameter nr=""52"" value=""0"" type=""HLU Limits"">
    <description>Fahrstufe für jede der 5 HLU-Geschwindigkeits-Limits</description>
  </parameter>
  <parameter nr=""53"" value=""0"" type=""HLU Limits"">
    <description>Fahrstufe für jede der 5 HLU-Geschwindigkeits-Limits</description>
  </parameter>
  <parameter nr=""54"" value=""0"" type=""HLU Limits"">
    <description>Fahrstufe für jede der 5 HLU-Geschwindigkeits-Limits</description>
  </parameter>
  <parameter nr=""55"" value=""0"" type=""HLU Limits"">
    <description>Fahrstufe für jede der 5 HLU-Geschwindigkeits-Limits</description>
  </parameter>
  <parameter nr=""56"" value=""55"" type=""Motorregelung Param. Motorregelung Referenz"">
    <description>PID-Regelung: P-Wert (Zehner-), I-Wert (Einerstelle) Zehntel-V: max. Motorspannung, =0: laut Fahrspannung</description>
  </parameter>
  <parameter nr=""57"" value=""0"" type=""Motorregelung Param. Motorregelung Referenz"">
    <description>PID-Regelung: P-Wert (Zehner-), I-Wert (Einerstelle) Zehntel-V: max. Motorspannung, =0: laut Fahrspannung</description>
  </parameter>
  <parameter nr=""58"" value=""255"" type=""Motorregelung Einfluss"">
    <description>Ausregelungskraft des Lastausgleichs</description>
  </parameter>
  <parameter nr=""59"" value=""5"" type=""HLU Reaktionszeit"">
    <description>Zehntel-sec Verzögerung für Gültigkeit HLU Limits</description>
  </parameter>
  <parameter nr=""60"" value=""0"" type=""Dimmen Fu-Ausgänge"">
    <description>Reduktion der effektiven Spannung durch PWM</description>
  </parameter>
  <parameter nr=""61"" value=""0"" type=""ZIMO Erweit. Mapping"">
    <description>= 97: NMRA-Mapping „ohne Linksverschiebung“</description>
  </parameter>
  <parameter nr=""62"" value=""0"" type=""Modifizieren Lichteffekte"">
    <description>Veränderung des Minimum-Dimm- Wertes (in je 10 %)</description>
  </parameter>
  <parameter nr=""63"" value=""51"" type=""Modifizieren Lichteffekte"">
    <description>Zykluszeit (Zehner-), Aus-Verlängerung (Einerstelle)</description>
  </parameter>
  <parameter nr=""64"" value=""0"" type=""Modifizieren Lichteffekte"">
    <description>Ditch light off time modification</description>
  </parameter>
  <parameter nr=""65"" type=""SW-Subversionsnumm."">
    <description>Ergänzung zur Versionsnummer in CV #7.</description>
  </parameter>
  <parameter nr=""66"" value=""0"" type=""Trimmwert Vorwärtsfahrt"">
    <description>Multiplikation der Fahrstufe mit Trimmwert/128”</description>
  </parameter>
  <parameter nr=""67"" type=""Freie Kennlinie"">
    <description>Interne Fahrstufe für jede der 28 externen Fahrstufen.</description>
  </parameter>
  <parameter nr=""68"" type=""Freie Kennlinie"">
    <description>Interne Fahrstufe für jede der 28 externen Fahrstufen.</description>
  </parameter>
  <parameter nr=""69"" type=""Freie Kennlinie"">
    <description>Interne Fahrstufe für jede der 28 externen Fahrstufen.</description>
  </parameter>
  <parameter nr=""70"" type=""Freie Kennlinie"">
    <description>Interne Fahrstufe für jede der 28 externen Fahrstufen.</description>
  </parameter>
  <parameter nr=""71"" type=""Freie Kennlinie"">
    <description>Interne Fahrstufe für jede der 28 externen Fahrstufen.</description>
  </parameter>
  <parameter nr=""72"" type=""Freie Kennlinie"">
    <description>Interne Fahrstufe für jede der 28 externen Fahrstufen.</description>
  </parameter>
  <parameter nr=""73"" type=""Freie Kennlinie"">
    <description>Interne Fahrstufe für jede der 28 externen Fahrstufen.</description>
  </parameter>
  <parameter nr=""74"" type=""Freie Kennlinie"">
    <description>Interne Fahrstufe für jede der 28 externen Fahrstufen.</description>
  </parameter>
  <parameter nr=""75"" type=""Freie Kennlinie"">
    <description>Interne Fahrstufe für jede der 28 externen Fahrstufen.</description>
  </parameter>
  <parameter nr=""76"" type=""Freie Kennlinie"">
    <description>Interne Fahrstufe für jede der 28 externen Fahrstufen.</description>
  </parameter>
  <parameter nr=""77"" type=""Freie Kennlinie"">
    <description>Interne Fahrstufe für jede der 28 externen Fahrstufen.</description>
  </parameter>
  <parameter nr=""78"" type=""Freie Kennlinie"">
    <description>Interne Fahrstufe für jede der 28 externen Fahrstufen.</description>
  </parameter>
  <parameter nr=""79"" type=""Freie Kennlinie"">
    <description>Interne Fahrstufe für jede der 28 externen Fahrstufen.</description>
  </parameter>
  <parameter nr=""80"" type=""Freie Kennlinie"">
    <description>Interne Fahrstufe für jede der 28 externen Fahrstufen.</description>
  </parameter>
  <parameter nr=""81"" type=""Freie Kennlinie"">
    <description>Interne Fahrstufe für jede der 28 externen Fahrstufen.</description>
  </parameter>
  <parameter nr=""82"" type=""Freie Kennlinie"">
    <description>Interne Fahrstufe für jede der 28 externen Fahrstufen.</description>
  </parameter>
  <parameter nr=""83"" type=""Freie Kennlinie"">
    <description>Interne Fahrstufe für jede der 28 externen Fahrstufen.</description>
  </parameter>
  <parameter nr=""84"" type=""Freie Kennlinie"">
    <description>Interne Fahrstufe für jede der 28 externen Fahrstufen.</description>
  </parameter>
  <parameter nr=""85"" type=""Freie Kennlinie"">
    <description>Interne Fahrstufe für jede der 28 externen Fahrstufen.</description>
  </parameter>
  <parameter nr=""86"" type=""Freie Kennlinie"">
    <description>Interne Fahrstufe für jede der 28 externen Fahrstufen.</description>
  </parameter>
  <parameter nr=""87"" type=""Freie Kennlinie"">
    <description>Interne Fahrstufe für jede der 28 externen Fahrstufen.</description>
  </parameter>
  <parameter nr=""88"" type=""Freie Kennlinie"">
    <description>Interne Fahrstufe für jede der 28 externen Fahrstufen.</description>
  </parameter>
  <parameter nr=""89"" type=""Freie Kennlinie"">
    <description>Interne Fahrstufe für jede der 28 externen Fahrstufen.</description>
  </parameter>
  <parameter nr=""90"" type=""Freie Kennlinie"">
    <description>Interne Fahrstufe für jede der 28 externen Fahrstufen.</description>
  </parameter>
  <parameter nr=""91"" type=""Freie Kennlinie"">
    <description>Interne Fahrstufe für jede der 28 externen Fahrstufen.</description>
  </parameter>
  <parameter nr=""92"" type=""Freie Kennlinie"">
    <description>Interne Fahrstufe für jede der 28 externen Fahrstufen.</description>
  </parameter>
  <parameter nr=""93"" type=""Freie Kennlinie"">
    <description>Interne Fahrstufe für jede der 28 externen Fahrstufen.</description>
  </parameter>
  <parameter nr=""94"" type=""Freie Kennlinie"">
    <description>Interne Fahrstufe für jede der 28 externen Fahrstufen.</description>
  </parameter>
  <parameter nr=""95"" value=""0"" type=""Trimmwert Rückw.fahrt"">
    <description>Multiplikation der Fahrstufe mit Trimmwert/128”</description>
  </parameter>
  <parameter nr=""97"" value=""0"" type=""Consist-Taste"">
    <description>= 1-28 (F1-F28): Umschalten Haupt- / Consist-Adresse</description>
  </parameter>
  <parameter nr=""100"" type=""Messung der Asymmet- rie-Spannung"">
    <description>Aktuell gemessene absolute Asymmetrie der Schie- nenspannung [0,1V] (Um Probleme bei der ABC-</description>
  </parameter>
  <parameter nr=""101"" type=""Korrekturfaktur zu CV #100"">
    <description>Offset-Abgleich der Asymmetrie (signed: 128=-128 ... 127=+127) um Widerstands-Toleranzen der Schienenspannungsmessung auszugleichen</description>
  </parameter>
  <parameter nr=""105"" value=""0"" type=""Benutzerdaten"">
    <description>Zur freien Verfügung als Speicherplätze (ohne Wirkung)</description>
  </parameter>
  <parameter nr=""106"" value=""0"" type=""Benutzerdaten"">
    <description>Zur freien Verfügung als Speicherplätze (ohne Wirkung)</description>
  </parameter>
  <parameter nr=""107"" value=""0"" type=""Einseitige Lichtunterdrü."">
    <description>Lichtunterdrückung auf Seite Führerstand 1 (vorne)</description>
  </parameter>
  <parameter nr=""108"" value=""0"" type=""Einseitige Lichtunterdrü."">
    <description>Lichtunterdrückung auf Seite Führerstand 2 (hinten)</description>
  </parameter>
  <parameter nr=""109"" value=""0"" type=""Erweiterung CV #107"">
    <description>Bit 0-2: 3. Ausgang (FA1-FA7) wird unterdrückt. Bit 3-5: 4. Ausgang (FA1-FA7) wird unterdrückt. 7 = 1, wird die Führerstands-seitige Lichtunterdrü- ckung im Consist automatisch aktiviert.</description>
  </parameter>
  <parameter nr=""110"" value=""0"" type=""Erweiterung CV #108"">
    <description>Wie CV #109 nur zusammen mit CV #108</description>
  </parameter>
  <parameter nr=""111"" value=""0"" type=""Verzögerung Emergency"">
    <description>Anstelle CV #4 bei Einzelstopp und Sammelstopps</description>
  </parameter>
  <parameter nr=""112"" value=""0"" type=""Spezielle ZIMO Konfigurationsbits"">
    <description>Bit 0 = sollwertabhängige (0) oder lastabhängige Geräusch- kennlinie (1), Kennlinie in CV #137 bis #139 definiert. Bit 1 = 1: Quittung durch Hochfrequenz-Impulse Bit 2 = 0 / 1: ZIMO Zugnummernimpulse aus/ein Bit 3 = 1: 8 Funktions-Modus (für alte ZIMO Systeme) Bit 4 = 1: Pulskettenempfang (für altes LGB-System) Bit 5 = 0 / 1: Motoransteuerung 20 kHz / 40 kHz Bit 6 = 1: „Märklin“-Bremsen (+ CV #29, Bit 2, #124, 5) Bit 7 = 1: Pulskettenerzeugung</description>
  </parameter>
  <parameter nr=""113"" value=""0"" type=""Regelungs-Cutoff"">
    <description>Ausregelungskraft bei Fahrstufe laut CV #10.</description>
  </parameter>
  <parameter nr=""114"" value=""0"" type=""Dimm-Maske 1"">
    <description>Ausschluss einzelner Ausg. vom Dimmen laut CV #60</description>
  </parameter>
  <parameter nr=""115"" value=""0"" type=""Kupplungssteuerung"">
    <description>Wenn Effekt 48: Intervall (Zehner-), Restspannung (Einerstelle)</description>
  </parameter>
  <parameter nr=""116"" value=""0"" type=""„Kupplungs-Walzer“"">
    <description>Abdrück (Hunderter-) Abrückzeit (Zehner-), -geschw (Einer-)</description>
  </parameter>
  <parameter nr=""117"" value=""0"" type=""Blinken"">
    <description>Einschalt- (Zehnerstelle), Ausschaltphase (Einerstelle)</description>
  </parameter>
  <parameter nr=""118"" value=""0"" type=""Blink-Maske"">
    <description>Angabe Fu-Ausgänge für Blinken laut CV #117.</description>
  </parameter>
  <parameter nr=""119"" value=""0"" type=""Abblend-Maske F6"">
    <description>Angabe Fu-Ausgänge für Abblenden mit F6 auf CV #60</description>
  </parameter>
  <parameter nr=""120"" value=""0"" type=""Abblend-Maske F7"">
    <description>Angabe Fu-Ausgänge für Abblenden mit F7 auf CV #60</description>
  </parameter>
  <parameter nr=""121"" value=""0"" type=""Expon. Beschleunigung"">
    <description>Kurvenbereich (Zehner-), Krümmung (Einerstelle)</description>
  </parameter>
  <parameter nr=""122"" value=""0"" type=""Expon. Bremskurve"">
    <description>Kurvenbereich (Zehner-), Krümmung (Einerstelle)</description>
  </parameter>
  <parameter nr=""123"" value=""0"" type=""Adapt. Beschl./Brems."">
    <description>Annäherung Beschl. (Zehner-), - Bremsen (Einerstelle)</description>
  </parameter>
  <parameter nr=""124"" value=""3"" type=""Rangiertasten, Ausgänge anstatt SUSI"">
    <description>Rangiertaste (Halbgeschwind., Beschleun.-Deaktivier.), Umschaltung SUSI Pins auf Logikpegel-Ausgänge.</description>
  </parameter>
  <parameter nr=""125"" value=""0"" type=""Effekt auf „Stirn vorne“ (FA0v) „Stirn hinten“ (FA0r) FA1 FA2 FA3 FA4 FA5 FA6"">
    <description>Bits 1, 0 = 00: richtungsunabhängig (wirkt immer) = 01: wirksam nur bei Vorwärtsfahrt = 10: wirksam nur bei Rückwärtsfahrt Bits 7, 6, 5, 4, 3, 2 = Effekt-Code, z. B.: Kupplungssteuerung (ab FA1 nutzbar) - 00110000 = “48” Soft-Start für Ausgang - 00110100 = “52” Autom. Bremslicht - 00111000 = „56“ usw.</description>
  </parameter>
  <parameter nr=""126"" value=""0"" type=""Effekt auf „Stirn vorne“ (FA0v) „Stirn hinten“ (FA0r) FA1 FA2 FA3 FA4 FA5 FA6"">
    <description>Bits 1, 0 = 00: richtungsunabhängig (wirkt immer) = 01: wirksam nur bei Vorwärtsfahrt = 10: wirksam nur bei Rückwärtsfahrt Bits 7, 6, 5, 4, 3, 2 = Effekt-Code, z. B.: Kupplungssteuerung (ab FA1 nutzbar) - 00110000 = “48” Soft-Start für Ausgang - 00110100 = “52” Autom. Bremslicht - 00111000 = „56“ usw.</description>
  </parameter>
  <parameter nr=""127"" value=""0"" type=""Effekt auf „Stirn vorne“ (FA0v) „Stirn hinten“ (FA0r) FA1 FA2 FA3 FA4 FA5 FA6"">
    <description>Bits 1, 0 = 00: richtungsunabhängig (wirkt immer) = 01: wirksam nur bei Vorwärtsfahrt = 10: wirksam nur bei Rückwärtsfahrt Bits 7, 6, 5, 4, 3, 2 = Effekt-Code, z. B.: Kupplungssteuerung (ab FA1 nutzbar) - 00110000 = “48” Soft-Start für Ausgang - 00110100 = “52” Autom. Bremslicht - 00111000 = „56“ usw.</description>
  </parameter>
  <parameter nr=""128"" value=""0"" type=""Effekt auf „Stirn vorne“ (FA0v) „Stirn hinten“ (FA0r) FA1 FA2 FA3 FA4 FA5 FA6"">
    <description>Bits 1, 0 = 00: richtungsunabhängig (wirkt immer) = 01: wirksam nur bei Vorwärtsfahrt = 10: wirksam nur bei Rückwärtsfahrt Bits 7, 6, 5, 4, 3, 2 = Effekt-Code, z. B.: Kupplungssteuerung (ab FA1 nutzbar) - 00110000 = “48” Soft-Start für Ausgang - 00110100 = “52” Autom. Bremslicht - 00111000 = „56“ usw.</description>
  </parameter>
  <parameter nr=""129"" value=""0"" type=""Effekt auf „Stirn vorne“ (FA0v) „Stirn hinten“ (FA0r) FA1 FA2 FA3 FA4 FA5 FA6"">
    <description>Bits 1, 0 = 00: richtungsunabhängig (wirkt immer) = 01: wirksam nur bei Vorwärtsfahrt = 10: wirksam nur bei Rückwärtsfahrt Bits 7, 6, 5, 4, 3, 2 = Effekt-Code, z. B.: Kupplungssteuerung (ab FA1 nutzbar) - 00110000 = “48” Soft-Start für Ausgang - 00110100 = “52” Autom. Bremslicht - 00111000 = „56“ usw.</description>
  </parameter>
  <parameter nr=""130"" value=""0"" type=""Effekt auf „Stirn vorne“ (FA0v) „Stirn hinten“ (FA0r) FA1 FA2 FA3 FA4 FA5 FA6"">
    <description>Bits 1, 0 = 00: richtungsunabhängig (wirkt immer) = 01: wirksam nur bei Vorwärtsfahrt = 10: wirksam nur bei Rückwärtsfahrt Bits 7, 6, 5, 4, 3, 2 = Effekt-Code, z. B.: Kupplungssteuerung (ab FA1 nutzbar) - 00110000 = “48” Soft-Start für Ausgang - 00110100 = “52” Autom. Bremslicht - 00111000 = „56“ usw.</description>
  </parameter>
  <parameter nr=""131"" value=""0"" type=""Effekt auf „Stirn vorne“ (FA0v) „Stirn hinten“ (FA0r) FA1 FA2 FA3 FA4 FA5 FA6"">
    <description>Bits 1, 0 = 00: richtungsunabhängig (wirkt immer) = 01: wirksam nur bei Vorwärtsfahrt = 10: wirksam nur bei Rückwärtsfahrt Bits 7, 6, 5, 4, 3, 2 = Effekt-Code, z. B.: Kupplungssteuerung (ab FA1 nutzbar) - 00110000 = “48” Soft-Start für Ausgang - 00110100 = “52” Autom. Bremslicht - 00111000 = „56“ usw.</description>
  </parameter>
  <parameter nr=""132"" value=""0"" type=""Effekt auf „Stirn vorne“ (FA0v) „Stirn hinten“ (FA0r) FA1 FA2 FA3 FA4 FA5 FA6"">
    <description>Bits 1, 0 = 00: richtungsunabhängig (wirkt immer) = 01: wirksam nur bei Vorwärtsfahrt = 10: wirksam nur bei Rückwärtsfahrt Bits 7, 6, 5, 4, 3, 2 = Effekt-Code, z. B.: Kupplungssteuerung (ab FA1 nutzbar) - 00110000 = “48” Soft-Start für Ausgang - 00110100 = “52” Autom. Bremslicht - 00111000 = „56“ usw.</description>
  </parameter>
  <parameter nr=""133"" value=""0"" type=""FA4 als Ventilator-Ausgang + Reed Konfig."">
    <description>Bit 0: =0: FA4 normaler Ausgang =1: Ventilator Bit 4 – invertiert die Polarität von Reed1 Eingang Bit 3 – invertiert die Polarität von Reed2 Eingang Bit 2 – invertiert die Polarität von Reed3 Eingang Bit 5 – invertiert die Polarität von Reed4 Eingang</description>
  </parameter>
  <parameter nr=""134"" value=""106"" type=""Stopp d. Asymm. (ABC)"">
    <description>Glättung (Hunderter-), Schwelle (Zehner-, Einerstelle).</description>
  </parameter>
  <parameter nr=""135"" value=""0"" type=""km/h – Regelung und „9.Bit“ für CV #136"">
    <description>= 1 → Einleiten Eich-Fahrt; 5, 10, 20: Relation km/Stufe Bit 6: wird als 9. Bit für den Wert der CV #136 verwertet</description>
  </parameter>
  <parameter nr=""136"" type=""RailCom km/h Korrektur"">
    <description>Kontrollwert nach Eich-Fahrt; oder Korr-Wert RailCom</description>
  </parameter>
  <parameter nr=""137"" value=""0"" type=""Kennlinie Raucherzeuger"">
    <description>Eff 72,80: CV #137: PWM des FAx bei Stillstand CV #138: PWM des FAx bei konstanter Fahrt CV #139: PWM des FAx bei Beschleunigung</description>
  </parameter>
  <parameter nr=""138"" value=""0"" type=""Kennlinie Raucherzeuger"">
    <description>Eff 72,80: CV #137: PWM des FAx bei Stillstand CV #138: PWM des FAx bei konstanter Fahrt CV #139: PWM des FAx bei Beschleunigung</description>
  </parameter>
  <parameter nr=""139"" value=""0"" type=""Kennlinie Raucherzeuger"">
    <description>Eff 72,80: CV #137: PWM des FAx bei Stillstand CV #138: PWM des FAx bei konstanter Fahrt CV #139: PWM des FAx bei Beschleunigung</description>
  </parameter>
  <parameter nr=""140"" value=""0"" type=""Distanzgesteuerter Halt"">
    <description>= 1: HLU oder ABC = 2: manuell = 3: beides</description>
  </parameter>
  <parameter nr=""141"" value=""20"" type=""Distanzgesteuerter Halt"">
    <description>der „konstante Bremsweg“: Anhaltspunkt = 155: 500 m</description>
  </parameter>
  <parameter nr=""142"" value=""5"" type=""Distanzgesteuerter Halt"">
    <description>Schnellfahrkomp. der Erkennungsverzögerung bei ABC</description>
  </parameter>
  <parameter nr=""143"" value=""0"" type=""Distanzgesteuerter Halt"">
    <description>Schnellfahrkomp. der Erkennungsverzögerung bei HLU</description>
  </parameter>
  <parameter nr=""144"" value=""0"" type=""Prog,/ Update-Sperre"">
    <description>= 0: keine Programmier- und Update-Sperre Bit 3 = 1: „OP PROG mode“-Sperre CV schreiben Bit 4 = 1: Bestätigungs-Jingle beim CV-Schreiben Bit 5 = 1: „Service mode“-Sperre CV lesen Bit 6 = 1: „Service mode“-Sperre CV schreiben Bit 7 = 1: Update-Sperre</description>
  </parameter>
  <parameter nr=""145"" value=""0"" type=""Spezial Rundmotor, C- Sinus"">
    <description>= 1: Spezialregelung für Fleischmann-Rundmotor = 10 - 13: C-Sinus Motoren; siehe Kapitel 6 (Einbau, …)</description>
  </parameter>
  <parameter nr=""146"" value=""0"" type=""Ausgleich Leergang"">
    <description>Hunderstel-sec: Vordrehzeit nach Richtungswechsel</description>
  </parameter>
  <parameter nr=""147"" value=""0"" type=""Experimental-CVs"">
    <description>Spezial-Einstellungen für Motor-Regelung</description>
  </parameter>
  <parameter nr=""151"" value=""0"" type=""Motorbremse"">
    <description>= Einerstelle (1 – 9): Kraft und Schnelligkeit der Motorbremse = Zehnerstelle (1 - 9): Reduktion der Ausregelung bei Consist</description>
  </parameter>
  <parameter nr=""152"" value=""0"" type=""Dimm-Maske 2"">
    <description>Ausschluss einzelner Ausg. vom Dimmen laut CV #60</description>
  </parameter>
  <parameter nr=""153"" value=""0"" type=""Weiterfahrt ohne Signal"">
    <description>0: Feature nicht genutzt 1 - 255: Zeit in Zehntelsekunden, nach der der Decoder einen Bremsvorgang startet, wenn kein DCC-Empfang mehr über seine zwei Schienenkontakte gegeben ist. Beim Bremsvorgang werden alle Brems-CVs (z.B. CV #4) berücksichtigt. Übliche CV-Werte für CV #153 sind entweder 0 oder 10-20 (für 1,0 bis 2,0 Sekunden).</description>
  </parameter>
  <parameter nr=""154"" value=""0"" type=""Div. Spez. und OEM-Bits"">
    <description>Nur zur Verwendung bei bestimmten Spezialprojekten</description>
  </parameter>
  <parameter nr=""155"" value=""0"" type=""Halbgeschwindigkeit"">
    <description>Auswahl einer Funktionstaste (anstelle CV #124)</description>
  </parameter>
  <parameter nr=""156"" value=""0"" type=""Beschleunigungs-Deakt."">
    <description>Auswahl einer Funktionstaste (anstelle CV #124)</description>
  </parameter>
  <parameter nr=""157"" value=""0"" type=""MAN-Funktion"">
    <description>Auswahl einer Funktionstaste für die MAN-Funktion</description>
  </parameter>
  <parameter nr=""158"" value=""0"" type=""Diverse SpezialBits + RailCom-Varianten"">
    <description>Bit 0 = 1: MX648 ext. Elko-Ladeschaltung (FA1) abschalten Bit 1 = 1: Keine Motorbremse bei Diesel-Mechanisch Bit 2 = 0: RailCom Rückmeldung alte ZIMO Var auf Id 3 = 1: Normgerechte km/h-Rückmeldung auf Id 7 Bit 3 = 1: Geloopte Fahrsounds abbrechen, wenn auf an- deren Sound gewechselt wird Bit 4 = 1: Weniger Dampfschläge bei hoher Geschwindigkeit Bit 5 = 1: Absenkung des Diesel-Sounds um eine Stufe und Absenkung des Turbolader Sounds, wenn zuletzt gebremst wurde Bit 6 = 1: Thyristor-Sound wird beim Bremsen lauter NUR MX645: Bit 7 = 1: Lichtblitzen bei E-Lok Schaltwerk auf FA7</description>
  </parameter>
  <parameter nr=""159"" value=""0"" type=""Effekte auf FA7, FA8"">
    <description>Wie CVs #125 - #132</description>
  </parameter>
  <parameter nr=""160"" value=""0"" type=""Effekte auf FA7, FA8"">
    <description>Wie CVs #125 - #132</description>
  </parameter>
  <parameter nr=""161"" value=""0"" type=""Servo-Protokoll"">
    <description>Bit 0 = 0: positive Impulse, = 1: negative Impulse Bit 1 = 0: aktiv nur während Bewegung, = 1: immer</description>
  </parameter>
  <parameter nr=""162"" value=""49"" type=""Servo 1 Endstell links Servo 1 Endstell rechts Servo 1 Mittelstellung Servo 1 Umlaufzeit"">
    <description>Auszunützender Anteil am gesamten Drehbereich Auszunützender Anteil am gesamten Drehbereich für den Fall des Dreistellungsbetriebes Zehntel-sec: Stellzeit Endstell- links – Endstellung re.</description>
  </parameter>
  <parameter nr=""163"" value=""205"" type=""Servo 1 Endstell links Servo 1 Endstell rechts Servo 1 Mittelstellung Servo 1 Umlaufzeit"">
    <description>Auszunützender Anteil am gesamten Drehbereich Auszunützender Anteil am gesamten Drehbereich für den Fall des Dreistellungsbetriebes Zehntel-sec: Stellzeit Endstell- links – Endstellung re.</description>
  </parameter>
  <parameter nr=""164"" value=""127"" type=""Servo 1 Endstell links Servo 1 Endstell rechts Servo 1 Mittelstellung Servo 1 Umlaufzeit"">
    <description>Auszunützender Anteil am gesamten Drehbereich Auszunützender Anteil am gesamten Drehbereich für den Fall des Dreistellungsbetriebes Zehntel-sec: Stellzeit Endstell- links – Endstellung re.</description>
  </parameter>
  <parameter nr=""165"" value=""10"" type=""Servo 1 Endstell links Servo 1 Endstell rechts Servo 1 Mittelstellung Servo 1 Umlaufzeit"">
    <description>Auszunützender Anteil am gesamten Drehbereich Auszunützender Anteil am gesamten Drehbereich für den Fall des Dreistellungsbetriebes Zehntel-sec: Stellzeit Endstell- links – Endstellung re.</description>
  </parameter>
  <parameter nr=""166"" value=""49"" type=""Servo 2 Endstell links Servo 2 Endstell rechts Servo 2 Mittelstellung Servo 2 Umlaufzeit"">
    <description>Auszunützender Anteil am gesamten Drehbereich Auszunützender Anteil am gesamten Drehbereich für den Fall des Dreistellungsbetriebes Zehntel-sec: Stellzeit Endstell- links – Endstellung re.</description>
  </parameter>
  <parameter nr=""167"" value=""205"" type=""Servo 2 Endstell links Servo 2 Endstell rechts Servo 2 Mittelstellung Servo 2 Umlaufzeit"">
    <description>Auszunützender Anteil am gesamten Drehbereich Auszunützender Anteil am gesamten Drehbereich für den Fall des Dreistellungsbetriebes Zehntel-sec: Stellzeit Endstell- links – Endstellung re.</description>
  </parameter>
  <parameter nr=""168"" value=""127"" type=""Servo 2 Endstell links Servo 2 Endstell rechts Servo 2 Mittelstellung Servo 2 Umlaufzeit"">
    <description>Auszunützender Anteil am gesamten Drehbereich Auszunützender Anteil am gesamten Drehbereich für den Fall des Dreistellungsbetriebes Zehntel-sec: Stellzeit Endstell- links – Endstellung re.</description>
  </parameter>
  <parameter nr=""169"" value=""10"" type=""Servo 2 Endstell links Servo 2 Endstell rechts Servo 2 Mittelstellung Servo 2 Umlaufzeit"">
    <description>Auszunützender Anteil am gesamten Drehbereich Auszunützender Anteil am gesamten Drehbereich für den Fall des Dreistellungsbetriebes Zehntel-sec: Stellzeit Endstell- links – Endstellung re.</description>
  </parameter>
  <parameter nr=""170"" value=""49"" type=""Servo 3 Endstell links Servo 3 Endstell rechts Servo 3 Mittelstellung Servo 3 Umlaufzeit"">
    <description>Auszunützender Anteil am gesamten Drehbereich Auszunützender Anteil am gesamten Drehbereich für den Fall des Dreistellungsbetriebes Zehntel-sec: Stellzeit Endstell- links – Endstellung re.</description>
  </parameter>
  <parameter nr=""171"" value=""205"" type=""Servo 3 Endstell links Servo 3 Endstell rechts Servo 3 Mittelstellung Servo 3 Umlaufzeit"">
    <description>Auszunützender Anteil am gesamten Drehbereich Auszunützender Anteil am gesamten Drehbereich für den Fall des Dreistellungsbetriebes Zehntel-sec: Stellzeit Endstell- links – Endstellung re.</description>
  </parameter>
  <parameter nr=""172"" value=""127"" type=""Servo 3 Endstell links Servo 3 Endstell rechts Servo 3 Mittelstellung Servo 3 Umlaufzeit"">
    <description>Auszunützender Anteil am gesamten Drehbereich Auszunützender Anteil am gesamten Drehbereich für den Fall des Dreistellungsbetriebes Zehntel-sec: Stellzeit Endstell- links – Endstellung re.</description>
  </parameter>
  <parameter nr=""173"" value=""10"" type=""Servo 3 Endstell links Servo 3 Endstell rechts Servo 3 Mittelstellung Servo 3 Umlaufzeit"">
    <description>Auszunützender Anteil am gesamten Drehbereich Auszunützender Anteil am gesamten Drehbereich für den Fall des Dreistellungsbetriebes Zehntel-sec: Stellzeit Endstell- links – Endstellung re.</description>
  </parameter>
  <parameter nr=""174"" value=""49"" type=""Servo 4 Endstell links Servo 4 Endstell rechts Servo 4 Mittelstellung Servo 4 Umlaufzeit"">
    <description>Auszunützender Anteil am gesamten Drehbereich Auszunützender Anteil am gesamten Drehbereich für den Fall des Dreistellungsbetriebes Zehntel-sec: Stellzeit Endstell- links – Endstellung re.</description>
  </parameter>
  <parameter nr=""175"" value=""205"" type=""Servo 4 Endstell links Servo 4 Endstell rechts Servo 4 Mittelstellung Servo 4 Umlaufzeit"">
    <description>Auszunützender Anteil am gesamten Drehbereich Auszunützender Anteil am gesamten Drehbereich für den Fall des Dreistellungsbetriebes Zehntel-sec: Stellzeit Endstell- links – Endstellung re.</description>
  </parameter>
  <parameter nr=""176"" value=""127"" type=""Servo 4 Endstell links Servo 4 Endstell rechts Servo 4 Mittelstellung Servo 4 Umlaufzeit"">
    <description>Auszunützender Anteil am gesamten Drehbereich Auszunützender Anteil am gesamten Drehbereich für den Fall des Dreistellungsbetriebes Zehntel-sec: Stellzeit Endstell- links – Endstellung re.</description>
  </parameter>
  <parameter nr=""177"" value=""10"" type=""Servo 4 Endstell links Servo 4 Endstell rechts Servo 4 Mittelstellung Servo 4 Umlaufzeit"">
    <description>Auszunützender Anteil am gesamten Drehbereich Auszunützender Anteil am gesamten Drehbereich für den Fall des Dreistellungsbetriebes Zehntel-sec: Stellzeit Endstell- links – Endstellung re.</description>
  </parameter>
  <parameter nr=""178"" value=""0"" type=""Mindestspannung zum Wegfahren in Zehntelvolt"">
    <description>Wirkt sowohl im geregelten als ungeregelten Ana- logbetrieb, aber erst seit SW-Version 40.4, nur für Nicht-Sound-Decoder.</description>
  </parameter>
  <parameter nr=""179"" value=""0"" type=""Steigerung der der Ge- schwindigkeit mit der Schienenspannung"">
    <description>Ist zur Einstellung der Höchstgeschwindigkeit im Analogbetrieb geeignet. Wirkt sowohl im geregelten als ungeregelten Analogbetrieb, aber erst seit SW- Version 40.4, nur für Nicht-Sound-Decoder.</description>
  </parameter>
  <parameter nr=""181"" value=""0"" type=""Servo 1 Servo 2 Servo 3 Servo 4"">
    <description>Bedienungsarten (Eintasten-, Zweitasten-, …)</description>
  </parameter>
  <parameter nr=""182"" value=""0"" type=""Servo 1 Servo 2 Servo 3 Servo 4"">
    <description>Bedienungsarten (Eintasten-, Zweitasten-, …)</description>
  </parameter>
  <parameter nr=""183"" value=""0"" type=""Servo 1 Servo 2 Servo 3 Servo 4"">
    <description>Bedienungsarten (Eintasten-, Zweitasten-, …)</description>
  </parameter>
  <parameter nr=""184"" value=""0"" type=""Servo 1 Servo 2 Servo 3 Servo 4"">
    <description>Bedienungsarten (Eintasten-, Zweitasten-, …)</description>
  </parameter>
  <parameter nr=""185"" value=""0"" type=""Spezial Echtdampfloks"">
    <description>Bedienungseinstellung für Echtdampflok</description>
  </parameter>
  <parameter nr=""186"" value=""0"" type=""Spezial Panto Config"">
    <description>Panto-Konfig. für Spezialprojekte (über ZSP konfiguriert)</description>
  </parameter>
  <parameter nr=""187"" value=""0"" type=""Spezial Panto Config"">
    <description>Panto-Konfig. für Spezialprojekte (über ZSP konfiguriert)</description>
  </parameter>
  <parameter nr=""188"" value=""0"" type=""Spezial Panto Config"">
    <description>Panto-Konfig. für Spezialprojekte (über ZSP konfiguriert)</description>
  </parameter>
  <parameter nr=""189"" value=""0"" type=""Spezial Panto Config"">
    <description>Panto-Konfig. für Spezialprojekte (über ZSP konfiguriert)</description>
  </parameter>
  <parameter nr=""190"" value=""0"" type=""Auf/Abdimmen (Effekt 88)"">
    <description>Zeitvorgaben zum Auf/Abdimmen für Effekte 88, 89, 90</description>
  </parameter>
  <parameter nr=""191"" value=""1"" type=""Auf/Abdimmen (Effekt 88)"">
    <description>Zeitvorgaben zum Auf/Abdimmen für Effekte 88, 89, 90</description>
  </parameter>
  <parameter nr=""193"" value=""0"" type=""ABC – Pendelbetrieb Aufenthaltszeit"">
    <description>= 0: kein ABC - Pendelbetrieb = 1 … 255: Aufenthaltszeit (in sec) in den ABC-Halte- (=Umkehr-)abschnitten an Enden der Pendelstrecke.</description>
  </parameter>
  <parameter nr=""250"" type=""Decoder-ID"">
    <description>Serien-Nummer, automatisch bei Produktion vergeben CV #250 auch Code für Decoderserie</description>
  </parameter>
  <parameter nr=""251"" type=""Decoder-ID"">
    <description>Serien-Nummer, automatisch bei Produktion vergeben CV #250 auch Code für Decoderserie</description>
  </parameter>
  <parameter nr=""252"" type=""Decoder-ID"">
    <description>Serien-Nummer, automatisch bei Produktion vergeben CV #250 auch Code für Decoderserie</description>
  </parameter>
  <parameter nr=""253"" type=""Decoder-ID"">
    <description>Serien-Nummer, automatisch bei Produktion vergeben CV #250 auch Code für Decoderserie</description>
  </parameter>
  <parameter nr=""260"" type=""Lade-Code"">
    <description>Der käuflich zu erwerbende (zur Decoder-ID) pas- sende Lade-Code berechtigt zum Abspielen von ""coded"" Sound-Projekte des betreffenden Bündels.</description>
  </parameter>
  <parameter nr=""261"" type=""Lade-Code"">
    <description>Der käuflich zu erwerbende (zur Decoder-ID) pas- sende Lade-Code berechtigt zum Abspielen von ""coded"" Sound-Projekte des betreffenden Bündels.</description>
  </parameter>
  <parameter nr=""262"" type=""Lade-Code"">
    <description>Der käuflich zu erwerbende (zur Decoder-ID) pas- sende Lade-Code berechtigt zum Abspielen von ""coded"" Sound-Projekte des betreffenden Bündels.</description>
  </parameter>
  <parameter nr=""263"" type=""Lade-Code"">
    <description>Der käuflich zu erwerbende (zur Decoder-ID) pas- sende Lade-Code berechtigt zum Abspielen von ""coded"" Sound-Projekte des betreffenden Bündels.</description>
  </parameter>
  <parameter nr=""264"" value=""0"" type=""Niederspannung bei MX635V.., MX636V.."">
    <description>= 0: 1,5 V | = 1: 3 V | = 2: 5 V | 3: 6,5 V | = 4: 12 V = 5: 14 V | = 6: 16 V | = 7: 17 V</description>
  </parameter>
</configuration>"
