"Kategorie";"Typ";"Name";"Beschreibung";"XML"
"decoder-configuration";"configuration";"Tams LD-G-44";"Tams Elektronik LD-G-44 - configuration variables from the instructions: detailed tables pp. 38-58 (with default values), supplemented by the overview on pp. 36-38";"<configuration count=""329"">
  <parameter nr=""1"" value=""3"" type=""Base address"">
    <description>Value range: in DCC format: 1 ... 127 in MM format: 1 ... 255</description>
  </parameter>
  <parameter nr=""2"" value=""4"" type=""Starting voltage (starting speed)"">
    <description>= voltage applied to the motor at speed step 1. 0 = 0 volts 255 = maximum voltage</description>
  </parameter>
  <parameter nr=""3"" value=""10"" type=""Acceleration rate (acceleration delay)"">
    <description>= length of the waiting time that elapses each time before stepping to the next higher / lower speed step while the loco accelerates / brakes. The waiting time is calculated as follows: (value of the CV) x 0.9 sec. divided by the number of speed steps</description>
  </parameter>
  <parameter nr=""4"" value=""5"" type=""Braking rate (deceleration)"">
    <description></description>
  </parameter>
  <parameter nr=""5"" value=""255"" type=""Maximum voltage (top speed)"">
    <description>= voltage applied to the motor at the highest speed step. 2 = 0.8 % of the maximum voltage 255 = maximum voltage</description>
  </parameter>
  <parameter nr=""6"" value=""100"" type=""Medium voltage (medium speed)"">
    <description>= voltage at speed step 7 (14 speed step mode) or 14 (28 speed step mode)</description>
  </parameter>
  <parameter nr=""7"" type=""Version"">
    <description>Can only be read out in DCC format!</description>
  </parameter>
  <parameter nr=""8"" type=""Reset"">
    <description>Entering any value resets all settings to the values of the delivered state (default values).</description>
  </parameter>
  <parameter nr=""10"" value=""0"" type=""Dynamic RailCom information"">
    <description>off 0 / reception statistics: the vehicle decoder keeps statistics on all DCC packets received and reports the number of faulty packets / total number in %. 1</description>
  </parameter>
  <parameter nr=""11"" value=""16"" type=""Packet time out"">
    <description>Length of time between the loss of the digital signal and the change to alternative operation. Increasing the entered value by ""1"" extends the time by 10 ms.</description>
  </parameter>
  <parameter nr=""12"" value=""53"" type=""Permitted operating modes, readable in DCC format only!"">
    <description>Defines the modes of operation in which the decoder may work. 53 = 1 + 4 + 16 + 32 1 = DC | 4 = DCC | 16 = AC | 32 = MM</description>
  </parameter>
  <parameter nr=""13"" value=""0"" type=""Functions active in analogue operation (F1 to F8)"">
    <description>F1 on 1 / F2 on 2 / F3 on 4 / F4 on 8 / F5 on 16 / F6 on 32 / F7 on 64 / F8 on 128</description>
  </parameter>
  <parameter nr=""14"" value=""1"" type=""Functions active in analogue operation (F0, F9 to F12)"">
    <description>F0 on 1 / F9 on 2 / F10 on 4 / F11 on 8 / F12 on 16</description>
  </parameter>
  <parameter nr=""15"" value=""3"" type=""Decoder lock"">
    <description>The CV values of the decoder can only be changed if the values in CV 15 and 16 are identical.</description>
  </parameter>
  <parameter nr=""16"" value=""3"">
    <description></description>
  </parameter>
  <parameter nr=""17"" value=""195"" type=""Extended address, DCC format only"">
    <description>With most command stations it is possible to enter extended addresses directly. CVs 17, 18 and 29 are then set by the command station automatically.</description>
  </parameter>
  <parameter nr=""18"" value=""232"">
    <description></description>
  </parameter>
  <parameter nr=""19"" value=""0"" type=""Consist address, DCC format only"">
    <description>= address for consist operation (multiple unit)</description>
  </parameter>
  <parameter nr=""20"" value=""4"" type=""2nd Motorola address"">
    <description>= address via which additional functions are switched in Motorola format. Functions F5 to F8 are reached via F1 to F4, function F9 via F0.</description>
  </parameter>
  <parameter nr=""21"" value=""0"" type=""Functions active in consist operation (F1 to F8)"">
    <description>F1 on 1 / F2 on 2 / F3 on 4 / F4 on 8 / F5 on 16 / F6 on 32 / F7 on 64 / F8 on 128</description>
  </parameter>
  <parameter nr=""22"" value=""0"" type=""Functions active in consist operation (F0, F9 to F12)"">
    <description>F0f on 1 / F0r on 2 / F9 on 4 / F10 on 8 / F11 on 16 / F12 on 32</description>
  </parameter>
  <parameter nr=""27"" value=""48"" type=""Braking behaviour with DC voltage"">
    <description>No braking with DC voltage 0 / braking with negative DC voltage 16 / braking with positive DC voltage 32</description>
  </parameter>
  <parameter nr=""28"" value=""131"" type=""RailCom channels, automatic registration per RCN-218 (DCC-A)"">
    <description>No feedback and no automatic registration 0 / channel 1 on 1 / channel 2 on 2. Recommendation: always switch channel 2 on if you have switched channel 1 on. / use of dynamic channel 1 4. This setting only has an effect if channel 1 is switched on. / automatic registration according to RCN-218 (DCC-A) 128</description>
  </parameter>
  <parameter nr=""29"" value=""14"" type=""Configuration data 1"">
    <description>Direction of travel ""standard"" 0 direction of travel inverted 1 / 14 speed steps 0 28 or 128 speed steps (in DCC format) 2. Note: if you want to use the SDF procedure, you must set the 28/128 speed step mode. (-&gt; section 2.1) Note: if the decoder is driven in Motorola format, the setting of the speed step mode has no effect. / automatic analogue detection off 0 automatic analogue detection on 4 / RailCom off 0 RailCom on 8 / linear speed curve 0 alternative speed curve 16 / basic addresses 0 extended addresses (for DCC format only) 32. Note: if the use of extended addresses is enabled in CV 29, the decoder does not respond to commands in Motorola format!</description>
  </parameter>
  <parameter nr=""31"" value=""0"" type=""Index for higher pages"">
    <description>Function mapping active 0</description>
  </parameter>
  <parameter nr=""32"" value=""42"">
    <description>Function mapping active 42</description>
  </parameter>
  <parameter nr=""47"" value=""64"" type=""F0f"">
    <description>= reduction of the voltage present at the output. 1 = lowest voltage 64 = maximum voltage</description>
  </parameter>
  <parameter nr=""48"" value=""64"" type=""F0r"">
    <description></description>
  </parameter>
  <parameter nr=""49"" value=""64"" type=""AUX1"">
    <description></description>
  </parameter>
  <parameter nr=""50"" value=""64"" type=""AUX2"">
    <description></description>
  </parameter>
  <parameter nr=""51"" value=""64"" type=""AUX3"">
    <description></description>
  </parameter>
  <parameter nr=""52"" value=""64"" type=""AUX4"">
    <description></description>
  </parameter>
  <parameter nr=""53"" value=""64"" type=""AUX5"">
    <description></description>
  </parameter>
  <parameter nr=""54"" value=""64"" type=""AUX6"">
    <description></description>
  </parameter>
  <parameter nr=""55"" value=""0"" type=""F0f"">
    <description>No effects 0</description>
  </parameter>
  <parameter nr=""56"" value=""0"" type=""F0r"">
    <description>Invert function 1</description>
  </parameter>
  <parameter nr=""57"" value=""0"" type=""AUX1"">
    <description>Flashing on 2</description>
  </parameter>
  <parameter nr=""58"" value=""0"" type=""AUX2"">
    <description>Kick on 4</description>
  </parameter>
  <parameter nr=""59"" value=""0"" type=""AUX3"">
    <description>Successive dimming up and down off 8</description>
  </parameter>
  <parameter nr=""60"" value=""0"" type=""AUX4"">
    <description>Fire simulation on 16</description>
  </parameter>
  <parameter nr=""61"" value=""0"" type=""AUX5"">
    <description>Output on/off at the voltage defined in CV 63 32</description>
  </parameter>
  <parameter nr=""62"" value=""0"" type=""AUX6"">
    <description></description>
  </parameter>
  <parameter nr=""63"" value=""16"" type=""Voltage for &quot;output on/off&quot;, setting common to all outputs"">
    <description>0 = lowest voltage 255 = highest voltage. The setting only applies to those outputs for which switching on/off when the voltage set here is reached has been enabled. -&gt; CV 55 - 62</description>
  </parameter>
  <parameter nr=""64"" value=""50"" type=""Reaction to overvoltage pulses (analogue AC layouts)"">
    <description>= sensitivity with which the decoder responds to an overvoltage pulse with a change of direction. 0 = highest sensitivity 255 = lowest sensitivity</description>
  </parameter>
  <parameter nr=""65"" value=""0"" type=""Starting kick"">
    <description>= brief increase of the motor voltage when starting, in order to overcome the breakaway torque</description>
  </parameter>
  <parameter nr=""67"" type=""Alternative speed curve (only in 28 speed step mode)"">
    <description>= speed table for the alternative speed curve. A motor voltage is assigned to each of the 28 speed steps. 0 = voltage of ""0"" 255 = maximum voltage</description>
  </parameter>
  <parameter nr=""68"" type=""Alternative speed curve (only in 28 speed step mode)"">
    <description>= speed table for the alternative speed curve. A motor voltage is assigned to each of the 28 speed steps. 0 = voltage of ""0"" 255 = maximum voltage</description>
  </parameter>
  <parameter nr=""69"" type=""Alternative speed curve (only in 28 speed step mode)"">
    <description>= speed table for the alternative speed curve. A motor voltage is assigned to each of the 28 speed steps. 0 = voltage of ""0"" 255 = maximum voltage</description>
  </parameter>
  <parameter nr=""70"" type=""Alternative speed curve (only in 28 speed step mode)"">
    <description>= speed table for the alternative speed curve. A motor voltage is assigned to each of the 28 speed steps. 0 = voltage of ""0"" 255 = maximum voltage</description>
  </parameter>
  <parameter nr=""71"" type=""Alternative speed curve (only in 28 speed step mode)"">
    <description>= speed table for the alternative speed curve. A motor voltage is assigned to each of the 28 speed steps. 0 = voltage of ""0"" 255 = maximum voltage</description>
  </parameter>
  <parameter nr=""72"" type=""Alternative speed curve (only in 28 speed step mode)"">
    <description>= speed table for the alternative speed curve. A motor voltage is assigned to each of the 28 speed steps. 0 = voltage of ""0"" 255 = maximum voltage</description>
  </parameter>
  <parameter nr=""73"" type=""Alternative speed curve (only in 28 speed step mode)"">
    <description>= speed table for the alternative speed curve. A motor voltage is assigned to each of the 28 speed steps. 0 = voltage of ""0"" 255 = maximum voltage</description>
  </parameter>
  <parameter nr=""74"" type=""Alternative speed curve (only in 28 speed step mode)"">
    <description>= speed table for the alternative speed curve. A motor voltage is assigned to each of the 28 speed steps. 0 = voltage of ""0"" 255 = maximum voltage</description>
  </parameter>
  <parameter nr=""75"" type=""Alternative speed curve (only in 28 speed step mode)"">
    <description>= speed table for the alternative speed curve. A motor voltage is assigned to each of the 28 speed steps. 0 = voltage of ""0"" 255 = maximum voltage</description>
  </parameter>
  <parameter nr=""76"" type=""Alternative speed curve (only in 28 speed step mode)"">
    <description>= speed table for the alternative speed curve. A motor voltage is assigned to each of the 28 speed steps. 0 = voltage of ""0"" 255 = maximum voltage</description>
  </parameter>
  <parameter nr=""77"" type=""Alternative speed curve (only in 28 speed step mode)"">
    <description>= speed table for the alternative speed curve. A motor voltage is assigned to each of the 28 speed steps. 0 = voltage of ""0"" 255 = maximum voltage</description>
  </parameter>
  <parameter nr=""78"" type=""Alternative speed curve (only in 28 speed step mode)"">
    <description>= speed table for the alternative speed curve. A motor voltage is assigned to each of the 28 speed steps. 0 = voltage of ""0"" 255 = maximum voltage</description>
  </parameter>
  <parameter nr=""79"" type=""Alternative speed curve (only in 28 speed step mode)"">
    <description>= speed table for the alternative speed curve. A motor voltage is assigned to each of the 28 speed steps. 0 = voltage of ""0"" 255 = maximum voltage</description>
  </parameter>
  <parameter nr=""80"" type=""Alternative speed curve (only in 28 speed step mode)"">
    <description>= speed table for the alternative speed curve. A motor voltage is assigned to each of the 28 speed steps. 0 = voltage of ""0"" 255 = maximum voltage</description>
  </parameter>
  <parameter nr=""81"" type=""Alternative speed curve (only in 28 speed step mode)"">
    <description>= speed table for the alternative speed curve. A motor voltage is assigned to each of the 28 speed steps. 0 = voltage of ""0"" 255 = maximum voltage</description>
  </parameter>
  <parameter nr=""82"" type=""Alternative speed curve (only in 28 speed step mode)"">
    <description>= speed table for the alternative speed curve. A motor voltage is assigned to each of the 28 speed steps. 0 = voltage of ""0"" 255 = maximum voltage</description>
  </parameter>
  <parameter nr=""83"" type=""Alternative speed curve (only in 28 speed step mode)"">
    <description>= speed table for the alternative speed curve. A motor voltage is assigned to each of the 28 speed steps. 0 = voltage of ""0"" 255 = maximum voltage</description>
  </parameter>
  <parameter nr=""84"" type=""Alternative speed curve (only in 28 speed step mode)"">
    <description>= speed table for the alternative speed curve. A motor voltage is assigned to each of the 28 speed steps. 0 = voltage of ""0"" 255 = maximum voltage</description>
  </parameter>
  <parameter nr=""85"" type=""Alternative speed curve (only in 28 speed step mode)"">
    <description>= speed table for the alternative speed curve. A motor voltage is assigned to each of the 28 speed steps. 0 = voltage of ""0"" 255 = maximum voltage</description>
  </parameter>
  <parameter nr=""86"" type=""Alternative speed curve (only in 28 speed step mode)"">
    <description>= speed table for the alternative speed curve. A motor voltage is assigned to each of the 28 speed steps. 0 = voltage of ""0"" 255 = maximum voltage</description>
  </parameter>
  <parameter nr=""87"" type=""Alternative speed curve (only in 28 speed step mode)"">
    <description>= speed table for the alternative speed curve. A motor voltage is assigned to each of the 28 speed steps. 0 = voltage of ""0"" 255 = maximum voltage</description>
  </parameter>
  <parameter nr=""88"" type=""Alternative speed curve (only in 28 speed step mode)"">
    <description>= speed table for the alternative speed curve. A motor voltage is assigned to each of the 28 speed steps. 0 = voltage of ""0"" 255 = maximum voltage</description>
  </parameter>
  <parameter nr=""89"" type=""Alternative speed curve (only in 28 speed step mode)"">
    <description>= speed table for the alternative speed curve. A motor voltage is assigned to each of the 28 speed steps. 0 = voltage of ""0"" 255 = maximum voltage</description>
  </parameter>
  <parameter nr=""90"" type=""Alternative speed curve (only in 28 speed step mode)"">
    <description>= speed table for the alternative speed curve. A motor voltage is assigned to each of the 28 speed steps. 0 = voltage of ""0"" 255 = maximum voltage</description>
  </parameter>
  <parameter nr=""91"" type=""Alternative speed curve (only in 28 speed step mode)"">
    <description>= speed table for the alternative speed curve. A motor voltage is assigned to each of the 28 speed steps. 0 = voltage of ""0"" 255 = maximum voltage</description>
  </parameter>
  <parameter nr=""92"" type=""Alternative speed curve (only in 28 speed step mode)"">
    <description>= speed table for the alternative speed curve. A motor voltage is assigned to each of the 28 speed steps. 0 = voltage of ""0"" 255 = maximum voltage</description>
  </parameter>
  <parameter nr=""93"" type=""Alternative speed curve (only in 28 speed step mode)"">
    <description>= speed table for the alternative speed curve. A motor voltage is assigned to each of the 28 speed steps. 0 = voltage of ""0"" 255 = maximum voltage</description>
  </parameter>
  <parameter nr=""94"" type=""Alternative speed curve (only in 28 speed step mode)"">
    <description>= speed table for the alternative speed curve. A motor voltage is assigned to each of the 28 speed steps. 0 = voltage of ""0"" 255 = maximum voltage</description>
  </parameter>
  <parameter nr=""96"" value=""2"" type=""Function mapping method, readable in DCC format only!"">
    <description>Defines the method for the function mapping: 2 = function mapping via CVs 257 to 512 in the bank selected by CV 31 = 0 and CV 32 = 42, with CVs per function in accordance with RailCommunity standard RCN227 section 2</description>
  </parameter>
  <parameter nr=""97"" value=""0"" type=""Switch input 1"">
    <description></description>
  </parameter>
  <parameter nr=""98"" value=""0"" type=""Switch input 2"">
    <description></description>
  </parameter>
  <parameter nr=""99"" value=""32"" type=""Kick time (&quot;momentary function&quot;), setting common to all outputs"">
    <description>= length of time for which the maximum voltage is present at the output before it is reduced to ""0"". 0 = shortest kick time 255 = longest kick time (= 25.5 seconds). Increasing the entered value by ""1"" extends the time by 0.1 sec.</description>
  </parameter>
  <parameter nr=""100"" value=""10"" type=""Time for fading in and out, setting common to all outputs"">
    <description>= time until the maximum voltage is reached or the voltage is reduced to ""0"". 1 = shortest possible time 255 = longest possible time. Please note: dimming up and down must be switched on for the output. -&gt; CV 55 - 62</description>
  </parameter>
  <parameter nr=""101"" value=""20"" type=""F0f / F0r"">
    <description>1 = highest flashing frequency 255 = lowest flashing frequency. The setting always applies jointly to 2 outputs</description>
  </parameter>
  <parameter nr=""102"" value=""20"" type=""AUX1 / AUX 2"">
    <description></description>
  </parameter>
  <parameter nr=""103"" value=""20"" type=""AUX3 / AUX4"">
    <description></description>
  </parameter>
  <parameter nr=""104"" value=""20"" type=""AUX5 / AUX6"">
    <description></description>
  </parameter>
  <parameter nr=""105"" value=""0"" type=""Switch input 1"">
    <description>F3 8 / F4 16</description>
  </parameter>
  <parameter nr=""106"" value=""0"" type=""Switch input 1"">
    <description>F11 8 / F12 16</description>
  </parameter>
  <parameter nr=""107"" value=""0"" type=""Switch input 2"">
    <description>F5 32 / F6 64 / F7 128 / F8 1 / F9 2 / F10 4</description>
  </parameter>
  <parameter nr=""108"" value=""0"" type=""Switch input 2"">
    <description>F13 32 / F14 64 / F15 128 / = length of time for which the input remains switched on at minimum after it has been connected to ground. Increasing the entered value by ""1"" extends the time by 0.1 sec. 0 = 0 sec. (off) 255 = 25.5 sec.</description>
  </parameter>
  <parameter nr=""109"" value=""50"" type=""Overload sensitivity (&quot;short-circuit sensitivity)"">
    <description>= level of the overload at which the overload is detected and the overload protection responds. 50 = 3,000 mA. The higher the value, the higher the current at which the overload protection responds. The value of 50 should only be changed in exceptional cases!</description>
  </parameter>
  <parameter nr=""110"" value=""5"" type=""Motor voltage for automatic uncoupling, setting common to all outputs."">
    <description>= motor voltage applied to the motor when the automatic uncoupling is activated. The voltage is present at the motor for the time set in CV 99. / F0 1 / F1 2 / F2 4</description>
  </parameter>
  <parameter nr=""112"" value=""5"" type=""Gain factor"">
    <description>Adaptation of the load control to the individual motor voltage</description>
  </parameter>
  <parameter nr=""113"" value=""32"" type=""KP"">
    <description>= proportional component of the load control</description>
  </parameter>
  <parameter nr=""114"" value=""5"" type=""KI"">
    <description>= integral component of the load control</description>
  </parameter>
  <parameter nr=""115"" value=""4"" type=""KD"">
    <description>= derivative component of the load control</description>
  </parameter>
  <parameter nr=""116"" value=""1"" type=""Load control"">
    <description>Load control off 0 load control on 1</description>
  </parameter>
  <parameter nr=""121"" value=""4"" type=""Configuration data 2"">
    <description>Response to an ABC braking section: ABC braking procedure inactive 0 ABC braking procedure active 4 inverted ABC detection 8 / constant braking distance inactive 0 constant braking distance active 16 / shuttle operation inactive 0 shuttle operation active 32</description>
  </parameter>
  <parameter nr=""122"" value=""10"" type=""ABC sensitivity"">
    <description>= level of asymmetry of the track voltage that the decoder interprets as entering an ABC braking section 0 = highest sensitivity 255 = lowest sensitivity</description>
  </parameter>
  <parameter nr=""123"">
    <description>reserved for registration via DCC-A</description>
  </parameter>
  <parameter nr=""124"">
    <description>reserved for registration via DCC-A</description>
  </parameter>
  <parameter nr=""125"">
    <description>reserved for registration via DCC-A</description>
  </parameter>
  <parameter nr=""126"">
    <description>reserved for registration via DCC-A</description>
  </parameter>
  <parameter nr=""127"">
    <description>reserved for registration via DCC-A</description>
  </parameter>
  <parameter nr=""257"">
    <description>Assignment of the outputs and special functions to the functions</description>
  </parameter>
  <parameter nr=""258"">
    <description>Assignment of the outputs and special functions to the functions</description>
  </parameter>
  <parameter nr=""259"">
    <description>Assignment of the outputs and special functions to the functions</description>
  </parameter>
  <parameter nr=""260"">
    <description>Assignment of the outputs and special functions to the functions</description>
  </parameter>
  <parameter nr=""261"">
    <description>Assignment of the outputs and special functions to the functions</description>
  </parameter>
  <parameter nr=""262"">
    <description>Assignment of the outputs and special functions to the functions</description>
  </parameter>
  <parameter nr=""263"">
    <description>Assignment of the outputs and special functions to the functions</description>
  </parameter>
  <parameter nr=""264"">
    <description>Assignment of the outputs and special functions to the functions</description>
  </parameter>
  <parameter nr=""265"">
    <description>Assignment of the outputs and special functions to the functions</description>
  </parameter>
  <parameter nr=""266"">
    <description>Assignment of the outputs and special functions to the functions</description>
  </parameter>
  <parameter nr=""267"">
    <description>Assignment of the outputs and special functions to the functions</description>
  </parameter>
  <parameter nr=""268"">
    <description>Assignment of the outputs and special functions to the functions</description>
  </parameter>
  <parameter nr=""269"">
    <description>Assignment of the outputs and special functions to the functions</description>
  </parameter>
  <parameter nr=""270"">
    <description>Assignment of the outputs and special functions to the functions</description>
  </parameter>
  <parameter nr=""271"">
    <description>Assignment of the outputs and special functions to the functions</description>
  </parameter>
  <parameter nr=""272"">
    <description>Assignment of the outputs and special functions to the functions</description>
  </parameter>
  <parameter nr=""273"">
    <description>Assignment of the outputs and special functions to the functions</description>
  </parameter>
  <parameter nr=""274"">
    <description>Assignment of the outputs and special functions to the functions</description>
  </parameter>
  <parameter nr=""275"">
    <description>Assignment of the outputs and special functions to the functions</description>
  </parameter>
  <parameter nr=""276"">
    <description>Assignment of the outputs and special functions to the functions</description>
  </parameter>
  <parameter nr=""277"">
    <description>Assignment of the outputs and special functions to the functions</description>
  </parameter>
  <parameter nr=""278"">
    <description>Assignment of the outputs and special functions to the functions</description>
  </parameter>
  <parameter nr=""279"">
    <description>Assignment of the outputs and special functions to the functions</description>
  </parameter>
  <parameter nr=""280"">
    <description>Assignment of the outputs and special functions to the functions</description>
  </parameter>
  <parameter nr=""281"">
    <description>Assignment of the outputs and special functions to the functions</description>
  </parameter>
  <parameter nr=""282"">
    <description>Assignment of the outputs and special functions to the functions</description>
  </parameter>
  <parameter nr=""283"">
    <description>Assignment of the outputs and special functions to the functions</description>
  </parameter>
  <parameter nr=""284"">
    <description>Assignment of the outputs and special functions to the functions</description>
  </parameter>
  <parameter nr=""285"">
    <description>Assignment of the outputs and special functions to the functions</description>
  </parameter>
  <parameter nr=""286"">
    <description>Assignment of the outputs and special functions to the functions</description>
  </parameter>
  <parameter nr=""287"">
    <description>Assignment of the outputs and special functions to the functions</description>
  </parameter>
  <parameter nr=""288"">
    <description>Assignment of the outputs and special functions to the functions</description>
  </parameter>
  <parameter nr=""289"">
    <description>Assignment of the outputs and special functions to the functions</description>
  </parameter>
  <parameter nr=""290"">
    <description>Assignment of the outputs and special functions to the functions</description>
  </parameter>
  <parameter nr=""291"">
    <description>Assignment of the outputs and special functions to the functions</description>
  </parameter>
  <parameter nr=""292"">
    <description>Assignment of the outputs and special functions to the functions</description>
  </parameter>
  <parameter nr=""293"">
    <description>Assignment of the outputs and special functions to the functions</description>
  </parameter>
  <parameter nr=""294"">
    <description>Assignment of the outputs and special functions to the functions</description>
  </parameter>
  <parameter nr=""295"">
    <description>Assignment of the outputs and special functions to the functions</description>
  </parameter>
  <parameter nr=""296"">
    <description>Assignment of the outputs and special functions to the functions</description>
  </parameter>
  <parameter nr=""297"">
    <description>Assignment of the outputs and special functions to the functions</description>
  </parameter>
  <parameter nr=""298"">
    <description>Assignment of the outputs and special functions to the functions</description>
  </parameter>
  <parameter nr=""299"">
    <description>Assignment of the outputs and special functions to the functions</description>
  </parameter>
  <parameter nr=""300"">
    <description>Assignment of the outputs and special functions to the functions</description>
  </parameter>
  <parameter nr=""301"">
    <description>Assignment of the outputs and special functions to the functions</description>
  </parameter>
  <parameter nr=""302"">
    <description>Assignment of the outputs and special functions to the functions</description>
  </parameter>
  <parameter nr=""303"">
    <description>Assignment of the outputs and special functions to the functions</description>
  </parameter>
  <parameter nr=""304"">
    <description>Assignment of the outputs and special functions to the functions</description>
  </parameter>
  <parameter nr=""305"">
    <description>Assignment of the outputs and special functions to the functions</description>
  </parameter>
  <parameter nr=""306"">
    <description>Assignment of the outputs and special functions to the functions</description>
  </parameter>
  <parameter nr=""307"">
    <description>Assignment of the outputs and special functions to the functions</description>
  </parameter>
  <parameter nr=""308"">
    <description>Assignment of the outputs and special functions to the functions</description>
  </parameter>
  <parameter nr=""309"">
    <description>Assignment of the outputs and special functions to the functions</description>
  </parameter>
  <parameter nr=""310"">
    <description>Assignment of the outputs and special functions to the functions</description>
  </parameter>
  <parameter nr=""311"">
    <description>Assignment of the outputs and special functions to the functions</description>
  </parameter>
  <parameter nr=""312"">
    <description>Assignment of the outputs and special functions to the functions</description>
  </parameter>
  <parameter nr=""313"">
    <description>Assignment of the outputs and special functions to the functions</description>
  </parameter>
  <parameter nr=""314"">
    <description>Assignment of the outputs and special functions to the functions</description>
  </parameter>
  <parameter nr=""315"">
    <description>Assignment of the outputs and special functions to the functions</description>
  </parameter>
  <parameter nr=""316"">
    <description>Assignment of the outputs and special functions to the functions</description>
  </parameter>
  <parameter nr=""317"">
    <description>Assignment of the outputs and special functions to the functions</description>
  </parameter>
  <parameter nr=""318"">
    <description>Assignment of the outputs and special functions to the functions</description>
  </parameter>
  <parameter nr=""319"">
    <description>Assignment of the outputs and special functions to the functions</description>
  </parameter>
  <parameter nr=""320"">
    <description>Assignment of the outputs and special functions to the functions</description>
  </parameter>
  <parameter nr=""321"">
    <description>Assignment of the outputs and special functions to the functions</description>
  </parameter>
  <parameter nr=""322"">
    <description>Assignment of the outputs and special functions to the functions</description>
  </parameter>
  <parameter nr=""323"">
    <description>Assignment of the outputs and special functions to the functions</description>
  </parameter>
  <parameter nr=""324"">
    <description>Assignment of the outputs and special functions to the functions</description>
  </parameter>
  <parameter nr=""325"">
    <description>Assignment of the outputs and special functions to the functions</description>
  </parameter>
  <parameter nr=""326"">
    <description>Assignment of the outputs and special functions to the functions</description>
  </parameter>
  <parameter nr=""327"">
    <description>Assignment of the outputs and special functions to the functions</description>
  </parameter>
  <parameter nr=""328"">
    <description>Assignment of the outputs and special functions to the functions</description>
  </parameter>
  <parameter nr=""329"">
    <description>Assignment of the outputs and special functions to the functions</description>
  </parameter>
  <parameter nr=""330"">
    <description>Assignment of the outputs and special functions to the functions</description>
  </parameter>
  <parameter nr=""331"">
    <description>Assignment of the outputs and special functions to the functions</description>
  </parameter>
  <parameter nr=""332"">
    <description>Assignment of the outputs and special functions to the functions</description>
  </parameter>
  <parameter nr=""333"">
    <description>Assignment of the outputs and special functions to the functions</description>
  </parameter>
  <parameter nr=""334"">
    <description>Assignment of the outputs and special functions to the functions</description>
  </parameter>
  <parameter nr=""335"">
    <description>Assignment of the outputs and special functions to the functions</description>
  </parameter>
  <parameter nr=""336"">
    <description>Assignment of the outputs and special functions to the functions</description>
  </parameter>
  <parameter nr=""337"">
    <description>Assignment of the outputs and special functions to the functions</description>
  </parameter>
  <parameter nr=""338"">
    <description>Assignment of the outputs and special functions to the functions</description>
  </parameter>
  <parameter nr=""339"">
    <description>Assignment of the outputs and special functions to the functions</description>
  </parameter>
  <parameter nr=""340"">
    <description>Assignment of the outputs and special functions to the functions</description>
  </parameter>
  <parameter nr=""341"">
    <description>Assignment of the outputs and special functions to the functions</description>
  </parameter>
  <parameter nr=""342"">
    <description>Assignment of the outputs and special functions to the functions</description>
  </parameter>
  <parameter nr=""343"">
    <description>Assignment of the outputs and special functions to the functions</description>
  </parameter>
  <parameter nr=""344"">
    <description>Assignment of the outputs and special functions to the functions</description>
  </parameter>
  <parameter nr=""345"">
    <description>Assignment of the outputs and special functions to the functions</description>
  </parameter>
  <parameter nr=""346"">
    <description>Assignment of the outputs and special functions to the functions</description>
  </parameter>
  <parameter nr=""347"">
    <description>Assignment of the outputs and special functions to the functions</description>
  </parameter>
  <parameter nr=""348"">
    <description>Assignment of the outputs and special functions to the functions</description>
  </parameter>
  <parameter nr=""349"">
    <description>Assignment of the outputs and special functions to the functions</description>
  </parameter>
  <parameter nr=""350"">
    <description>Assignment of the outputs and special functions to the functions</description>
  </parameter>
  <parameter nr=""351"">
    <description>Assignment of the outputs and special functions to the functions</description>
  </parameter>
  <parameter nr=""352"">
    <description>Assignment of the outputs and special functions to the functions</description>
  </parameter>
  <parameter nr=""353"">
    <description>Assignment of the outputs and special functions to the functions</description>
  </parameter>
  <parameter nr=""354"">
    <description>Assignment of the outputs and special functions to the functions</description>
  </parameter>
  <parameter nr=""355"">
    <description>Assignment of the outputs and special functions to the functions</description>
  </parameter>
  <parameter nr=""356"">
    <description>Assignment of the outputs and special functions to the functions</description>
  </parameter>
  <parameter nr=""357"">
    <description>Assignment of the outputs and special functions to the functions</description>
  </parameter>
  <parameter nr=""358"">
    <description>Assignment of the outputs and special functions to the functions</description>
  </parameter>
  <parameter nr=""359"">
    <description>Assignment of the outputs and special functions to the functions</description>
  </parameter>
  <parameter nr=""360"">
    <description>Assignment of the outputs and special functions to the functions</description>
  </parameter>
  <parameter nr=""361"">
    <description>Assignment of the outputs and special functions to the functions</description>
  </parameter>
  <parameter nr=""362"">
    <description>Assignment of the outputs and special functions to the functions</description>
  </parameter>
  <parameter nr=""363"">
    <description>Assignment of the outputs and special functions to the functions</description>
  </parameter>
  <parameter nr=""364"">
    <description>Assignment of the outputs and special functions to the functions</description>
  </parameter>
  <parameter nr=""365"">
    <description>Assignment of the outputs and special functions to the functions</description>
  </parameter>
  <parameter nr=""366"">
    <description>Assignment of the outputs and special functions to the functions</description>
  </parameter>
  <parameter nr=""367"">
    <description>Assignment of the outputs and special functions to the functions</description>
  </parameter>
  <parameter nr=""368"">
    <description>Assignment of the outputs and special functions to the functions</description>
  </parameter>
  <parameter nr=""369"">
    <description>Assignment of the outputs and special functions to the functions</description>
  </parameter>
  <parameter nr=""370"">
    <description>Assignment of the outputs and special functions to the functions</description>
  </parameter>
  <parameter nr=""371"">
    <description>Assignment of the outputs and special functions to the functions</description>
  </parameter>
  <parameter nr=""372"">
    <description>Assignment of the outputs and special functions to the functions</description>
  </parameter>
  <parameter nr=""373"">
    <description>Assignment of the outputs and special functions to the functions</description>
  </parameter>
  <parameter nr=""374"">
    <description>Assignment of the outputs and special functions to the functions</description>
  </parameter>
  <parameter nr=""375"">
    <description>Assignment of the outputs and special functions to the functions</description>
  </parameter>
  <parameter nr=""376"">
    <description>Assignment of the outputs and special functions to the functions</description>
  </parameter>
  <parameter nr=""377"">
    <description>Assignment of the outputs and special functions to the functions</description>
  </parameter>
  <parameter nr=""378"">
    <description>Assignment of the outputs and special functions to the functions</description>
  </parameter>
  <parameter nr=""379"">
    <description>Assignment of the outputs and special functions to the functions</description>
  </parameter>
  <parameter nr=""380"">
    <description>Assignment of the outputs and special functions to the functions</description>
  </parameter>
  <parameter nr=""381"">
    <description>Assignment of the outputs and special functions to the functions</description>
  </parameter>
  <parameter nr=""382"">
    <description>Assignment of the outputs and special functions to the functions</description>
  </parameter>
  <parameter nr=""383"">
    <description>Assignment of the outputs and special functions to the functions</description>
  </parameter>
  <parameter nr=""384"">
    <description>Assignment of the outputs and special functions to the functions</description>
  </parameter>
  <parameter nr=""385"">
    <description>Assignment of the outputs and special functions to the functions</description>
  </parameter>
  <parameter nr=""386"">
    <description>Assignment of the outputs and special functions to the functions</description>
  </parameter>
  <parameter nr=""387"">
    <description>Assignment of the outputs and special functions to the functions</description>
  </parameter>
  <parameter nr=""388"">
    <description>Assignment of the outputs and special functions to the functions</description>
  </parameter>
  <parameter nr=""389"">
    <description>Assignment of the outputs and special functions to the functions</description>
  </parameter>
  <parameter nr=""390"">
    <description>Assignment of the outputs and special functions to the functions</description>
  </parameter>
  <parameter nr=""391"">
    <description>Assignment of the outputs and special functions to the functions</description>
  </parameter>
  <parameter nr=""392"">
    <description>Assignment of the outputs and special functions to the functions</description>
  </parameter>
  <parameter nr=""393"">
    <description>Assignment of the outputs and special functions to the functions</description>
  </parameter>
  <parameter nr=""394"">
    <description>Assignment of the outputs and special functions to the functions</description>
  </parameter>
  <parameter nr=""395"">
    <description>Assignment of the outputs and special functions to the functions</description>
  </parameter>
  <parameter nr=""396"">
    <description>Assignment of the outputs and special functions to the functions</description>
  </parameter>
  <parameter nr=""397"">
    <description>Assignment of the outputs and special functions to the functions</description>
  </parameter>
  <parameter nr=""398"">
    <description>Assignment of the outputs and special functions to the functions</description>
  </parameter>
  <parameter nr=""399"">
    <description>Assignment of the outputs and special functions to the functions</description>
  </parameter>
  <parameter nr=""400"">
    <description>Assignment of the outputs and special functions to the functions</description>
  </parameter>
  <parameter nr=""401"">
    <description>Assignment of the outputs and special functions to the functions</description>
  </parameter>
  <parameter nr=""402"">
    <description>Assignment of the outputs and special functions to the functions</description>
  </parameter>
  <parameter nr=""403"">
    <description>Assignment of the outputs and special functions to the functions</description>
  </parameter>
  <parameter nr=""404"">
    <description>Assignment of the outputs and special functions to the functions</description>
  </parameter>
  <parameter nr=""405"">
    <description>Assignment of the outputs and special functions to the functions</description>
  </parameter>
  <parameter nr=""406"">
    <description>Assignment of the outputs and special functions to the functions</description>
  </parameter>
  <parameter nr=""407"">
    <description>Assignment of the outputs and special functions to the functions</description>
  </parameter>
  <parameter nr=""408"">
    <description>Assignment of the outputs and special functions to the functions</description>
  </parameter>
  <parameter nr=""409"">
    <description>Assignment of the outputs and special functions to the functions</description>
  </parameter>
  <parameter nr=""410"">
    <description>Assignment of the outputs and special functions to the functions</description>
  </parameter>
  <parameter nr=""411"">
    <description>Assignment of the outputs and special functions to the functions</description>
  </parameter>
  <parameter nr=""412"">
    <description>Assignment of the outputs and special functions to the functions</description>
  </parameter>
  <parameter nr=""413"">
    <description>Assignment of the outputs and special functions to the functions</description>
  </parameter>
  <parameter nr=""414"">
    <description>Assignment of the outputs and special functions to the functions</description>
  </parameter>
  <parameter nr=""415"">
    <description>Assignment of the outputs and special functions to the functions</description>
  </parameter>
  <parameter nr=""416"">
    <description>Assignment of the outputs and special functions to the functions</description>
  </parameter>
  <parameter nr=""417"">
    <description>Assignment of the outputs and special functions to the functions</description>
  </parameter>
  <parameter nr=""418"">
    <description>Assignment of the outputs and special functions to the functions</description>
  </parameter>
  <parameter nr=""419"">
    <description>Assignment of the outputs and special functions to the functions</description>
  </parameter>
  <parameter nr=""420"">
    <description>Assignment of the outputs and special functions to the functions</description>
  </parameter>
  <parameter nr=""421"">
    <description>Assignment of the outputs and special functions to the functions</description>
  </parameter>
  <parameter nr=""422"">
    <description>Assignment of the outputs and special functions to the functions</description>
  </parameter>
  <parameter nr=""423"">
    <description>Assignment of the outputs and special functions to the functions</description>
  </parameter>
  <parameter nr=""424"">
    <description>Assignment of the outputs and special functions to the functions</description>
  </parameter>
  <parameter nr=""425"">
    <description>Assignment of the outputs and special functions to the functions</description>
  </parameter>
  <parameter nr=""426"">
    <description>Assignment of the outputs and special functions to the functions</description>
  </parameter>
  <parameter nr=""427"">
    <description>Assignment of the outputs and special functions to the functions</description>
  </parameter>
  <parameter nr=""428"">
    <description>Assignment of the outputs and special functions to the functions</description>
  </parameter>
  <parameter nr=""429"">
    <description>Assignment of the outputs and special functions to the functions</description>
  </parameter>
  <parameter nr=""430"">
    <description>Assignment of the outputs and special functions to the functions</description>
  </parameter>
  <parameter nr=""431"">
    <description>Assignment of the outputs and special functions to the functions</description>
  </parameter>
  <parameter nr=""432"">
    <description>Assignment of the outputs and special functions to the functions</description>
  </parameter>
  <parameter nr=""433"">
    <description>Assignment of the outputs and special functions to the functions</description>
  </parameter>
  <parameter nr=""434"">
    <description>Assignment of the outputs and special functions to the functions</description>
  </parameter>
  <parameter nr=""435"">
    <description>Assignment of the outputs and special functions to the functions</description>
  </parameter>
  <parameter nr=""436"">
    <description>Assignment of the outputs and special functions to the functions</description>
  </parameter>
  <parameter nr=""437"">
    <description>Assignment of the outputs and special functions to the functions</description>
  </parameter>
  <parameter nr=""438"">
    <description>Assignment of the outputs and special functions to the functions</description>
  </parameter>
  <parameter nr=""439"">
    <description>Assignment of the outputs and special functions to the functions</description>
  </parameter>
  <parameter nr=""440"">
    <description>Assignment of the outputs and special functions to the functions</description>
  </parameter>
  <parameter nr=""441"">
    <description>Assignment of the outputs and special functions to the functions</description>
  </parameter>
  <parameter nr=""442"">
    <description>Assignment of the outputs and special functions to the functions</description>
  </parameter>
  <parameter nr=""443"">
    <description>Assignment of the outputs and special functions to the functions</description>
  </parameter>
  <parameter nr=""444"">
    <description>Assignment of the outputs and special functions to the functions</description>
  </parameter>
  <parameter nr=""445"">
    <description>Assignment of the outputs and special functions to the functions</description>
  </parameter>
  <parameter nr=""446"">
    <description>Assignment of the outputs and special functions to the functions</description>
  </parameter>
  <parameter nr=""447"">
    <description>Assignment of the outputs and special functions to the functions</description>
  </parameter>
  <parameter nr=""448"">
    <description>Assignment of the outputs and special functions to the functions</description>
  </parameter>
  <parameter nr=""449"">
    <description>Assignment of the outputs and special functions to the functions</description>
  </parameter>
  <parameter nr=""450"">
    <description>Assignment of the outputs and special functions to the functions</description>
  </parameter>
  <parameter nr=""451"">
    <description>Assignment of the outputs and special functions to the functions</description>
  </parameter>
  <parameter nr=""452"">
    <description>Assignment of the outputs and special functions to the functions</description>
  </parameter>
  <parameter nr=""453"">
    <description>Assignment of the outputs and special functions to the functions</description>
  </parameter>
  <parameter nr=""454"">
    <description>Assignment of the outputs and special functions to the functions</description>
  </parameter>
  <parameter nr=""455"">
    <description>Assignment of the outputs and special functions to the functions</description>
  </parameter>
  <parameter nr=""456"">
    <description>Assignment of the outputs and special functions to the functions</description>
  </parameter>
  <parameter nr=""457"">
    <description>Assignment of the outputs and special functions to the functions</description>
  </parameter>
  <parameter nr=""458"">
    <description>Assignment of the outputs and special functions to the functions</description>
  </parameter>
  <parameter nr=""459"">
    <description>Assignment of the outputs and special functions to the functions</description>
  </parameter>
  <parameter nr=""460"">
    <description>Assignment of the outputs and special functions to the functions</description>
  </parameter>
  <parameter nr=""461"">
    <description>Assignment of the outputs and special functions to the functions</description>
  </parameter>
  <parameter nr=""462"">
    <description>Assignment of the outputs and special functions to the functions</description>
  </parameter>
  <parameter nr=""463"">
    <description>Assignment of the outputs and special functions to the functions</description>
  </parameter>
  <parameter nr=""464"">
    <description>Assignment of the outputs and special functions to the functions</description>
  </parameter>
  <parameter nr=""465"">
    <description>Assignment of the outputs and special functions to the functions</description>
  </parameter>
  <parameter nr=""466"">
    <description>Assignment of the outputs and special functions to the functions</description>
  </parameter>
  <parameter nr=""467"">
    <description>Assignment of the outputs and special functions to the functions</description>
  </parameter>
  <parameter nr=""468"">
    <description>Assignment of the outputs and special functions to the functions</description>
  </parameter>
  <parameter nr=""469"">
    <description>Assignment of the outputs and special functions to the functions</description>
  </parameter>
  <parameter nr=""470"">
    <description>Assignment of the outputs and special functions to the functions</description>
  </parameter>
  <parameter nr=""471"">
    <description>Assignment of the outputs and special functions to the functions</description>
  </parameter>
  <parameter nr=""472"">
    <description>Assignment of the outputs and special functions to the functions</description>
  </parameter>
  <parameter nr=""473"">
    <description>Assignment of the outputs and special functions to the functions</description>
  </parameter>
  <parameter nr=""474"">
    <description>Assignment of the outputs and special functions to the functions</description>
  </parameter>
  <parameter nr=""475"">
    <description>Assignment of the outputs and special functions to the functions</description>
  </parameter>
  <parameter nr=""476"">
    <description>Assignment of the outputs and special functions to the functions</description>
  </parameter>
  <parameter nr=""477"">
    <description>Assignment of the outputs and special functions to the functions</description>
  </parameter>
  <parameter nr=""478"">
    <description>Assignment of the outputs and special functions to the functions</description>
  </parameter>
  <parameter nr=""479"">
    <description>Assignment of the outputs and special functions to the functions</description>
  </parameter>
  <parameter nr=""480"">
    <description>Assignment of the outputs and special functions to the functions</description>
  </parameter>
  <parameter nr=""481"">
    <description>Assignment of the outputs and special functions to the functions</description>
  </parameter>
  <parameter nr=""482"">
    <description>Assignment of the outputs and special functions to the functions</description>
  </parameter>
  <parameter nr=""483"">
    <description>Assignment of the outputs and special functions to the functions</description>
  </parameter>
  <parameter nr=""484"">
    <description>Assignment of the outputs and special functions to the functions</description>
  </parameter>
  <parameter nr=""485"">
    <description>Assignment of the outputs and special functions to the functions</description>
  </parameter>
</configuration>"
